Workbook

Sheet Sales_Data
A1: Employee ID | B1: Employee Name | C1: Region | D1: Product ID | E1: Units Sold | F1: Sales Amount | H1: Product Name | I1: Price per Unit | J1: Total Sales Value | K1: Total Revenue
A2: E101 | B2: Rahul Mehta | C2: North | D2: P001 | E2: 15 | F2: 45000 | H2: =VLOOKUP(D2, Product_Master!$A$2:$D$6, 2, FALSE) -> Laptop | I2: =VLOOKUP(D2,Product_Master!$A$1:$D$6,4,FALSE) -> 3000 | J2: =I2*E2 -> 45000 | K2: =SUM(J2:J11) -> 636000
A3: E102 | B3: Priya Sharma | C3: South | D3: P002 | E3: 20 | F3: 60000 | H3: =VLOOKUP(D3, Product_Master!$A$2:$D$6, 2, FALSE) -> Smartphone | I3: =VLOOKUP(D3,Product_Master!$A$1:$D$6,4,FALSE) -> 3000 | J3: =I3*E3 -> 60000
A4: E103 | B4: Aman Verma | C4: East | D4: P003 | E4: 10 | F4: 35000 | H4: =VLOOKUP(D4, Product_Master!$A$2:$D$6, 2, FALSE) -> Headphones | I4: =VLOOKUP(D4,Product_Master!$A$1:$D$6,4,FALSE) -> 3500 | J4: =I4*E4 -> 35000
A5: E104 | B5: Sneha Patel | C5: West | D5: P004 | E5: 25 | F5: 125000 | H5: =VLOOKUP(D5, Product_Master!$A$2:$D$6, 2, FALSE) -> Printer | I5: =VLOOKUP(D5,Product_Master!$A$1:$D$6,4,FALSE) -> 5000 | J5: =I5*E5 -> 125000
A6: E105 | B6: Rohan Gupta | C6: North | D6: P005 | E6: 12 | F6: 48000 | H6: =VLOOKUP(D6, Product_Master!$A$2:$D$6, 2, FALSE) -> Monitor | I6: =VLOOKUP(D6,Product_Master!$A$1:$D$6,4,FALSE) -> 4000 | J6: =I6*E6 -> 48000
A7: E106 | B7: Meena Iyer | C7: East | D7: P002 | E7: 18 | F7: 54000 | H7: =VLOOKUP(D7, Product_Master!$A$2:$D$6, 2, FALSE) -> Smartphone | I7: =VLOOKUP(D7,Product_Master!$A$1:$D$6,4,FALSE) -> 3000 | J7: =I7*E7 -> 54000
A8: E107 | B8: Deepak Rao | C8: South | D8: P003 | E8: 22 | F8: 77000 | H8: =VLOOKUP(D8, Product_Master!$A$2:$D$6, 2, FALSE) -> Headphones | I8: =VLOOKUP(D8,Product_Master!$A$1:$D$6,4,FALSE) -> 3500 | J8: =I8*E8 -> 77000
A9: E108 | B9: Kavita Das | C9: West | D9: P001 | E9: 30 | F9: 90000 | H9: =VLOOKUP(D9, Product_Master!$A$2:$D$6, 2, FALSE) -> Laptop | I9: =VLOOKUP(D9,Product_Master!$A$1:$D$6,4,FALSE) -> 3000 | J9: =I9*E9 -> 90000
A10: E109 | B10: Ajay Nair | C10: North | D10: P004 | E10: 14 | F10: 70000 | H10: =VLOOKUP(D10, Product_Master!$A$2:$D$6, 2, FALSE) -> Printer | I10: =VLOOKUP(D10,Product_Master!$A$1:$D$6,4,FALSE) -> 5000 | J10: =I10*E10 -> 70000
A11: E110 | B11: Neha Kulkarni | C11: East | D11: P005 | E11: 8 | F11: 32000 | H11: =VLOOKUP(D11, Product_Master!$A$2:$D$6, 2, FALSE) -> Monitor | I11: =VLOOKUP(D11,Product_Master!$A$1:$D$6,4,FALSE) -> 4000 | J11: =I11*E11 -> 32000
A14: =HLOOKUP(A2,Targets!A1:E2,2,FALSE) -> #N/A

Sheet Product_Master
A1: Product ID | B1: Product Name | C1: Category | D1: Price per Unit
A2: P001 | B2: Laptop | C2: Electronics | D2: 3000
A3: P002 | B3: Smartphone | C3: Electronics | D3: 3000
A4: P003 | B4: Headphones | C4: Accessories | D4: 3500
A5: P004 | B5: Printer | C5: Office Supplies | D5: 5000
A6: P005 | B6: Monitor | C6: Electronics | D6: 4000

Sheet Targets
A1: Region | B1: North | C1: South | D1: East | E1: West
A2: Target Sales | B2: 150000 | C2: 140000 | D2: 120000 | E2: 160000

Sheet Regional_Comparison
A1: Region | B1: Total Sales Value | C1: Target Sales | D1: Status
A2: North | B2: =SUMIF(Sales_Data!C:C,Sales_Data!C2,Sales_Data!F:F) -> 163000 | C2: =HLOOKUP(A2,Targets!$A$1:$E$2,2,FALSE) -> 150000 | D2: =IF(B2<C2, "Below Target", "On/Above Target") -> On/Above Target
A3: South | B3: =SUMIF(Sales_Data!C:C,Sales_Data!C3,Sales_Data!F:F) -> 137000 | C3: =HLOOKUP(A3,Targets!$A$1:$E$2,2,FALSE) -> 140000 | D3: =IF(B3<C3, "Below Target", "On/Above Target") -> Below Target
A4: East | B4: =SUMIF(Sales_Data!C:C,Sales_Data!C4,Sales_Data!F:F) -> 121000 | C4: =HLOOKUP(A4,Targets!$A$1:$E$2,2,FALSE) -> 120000 | D4: =IF(B4<C4, "Below Target", "On/Above Target") -> On/Above Target
A5: West | B5: =SUMIF(Sales_Data!C:C,Sales_Data!C5,Sales_Data!F:F) -> 215000 | C5: =HLOOKUP(A5,Targets!$A$1:$E$2,2,FALSE) -> 160000 | D5: =IF(B5<C5, "Below Target", "On/Above Target") -> On/Above Target
